{
  "recommended": {
    "distanceKm": 1.57,
    "durationMin": 23,
    "score": 52.4,
    "polyline": [
      [
        37.579215314583216,
        126.98673421814941
      ],
      [
        37.57922000931098,
        126.98662776567723
      ],
      [
        37.579215314583216,
        126.98673421814941
      ],
      [
        37.57933999540881,
        126.98631725977255
      ],
      [
        37.579193996889096,
        126.98556325429644
      ],
      [
        37.579193996889096,
        126.98556325429644
      ],
      [
        37.578960976354324,
        126.98526168735496
      ],
      [
        37.57892330413352,
        126.98511532435764
      ],
      [
        37.57901272645025,
        126.98507095182983
      ],
      [
        37.5792192181877,
        126.98494376004112
      ],
      [
        37.57901272645025,
        126.98507095182983
      ],
      [
        37.579332135903876,
        126.98460368294282
      ],
      [
        37.57938622478774,
        126.98431092914718
      ],
      [
        37.57944263119561,
        126.98376091553938
      ],
      [
        37.579522441407384,
        126.98233858027503
      ],
      [
        37.57944263119561,
        126.98376091553938
      ],
      [
        37.579581250671076,
        126.9821729741495
      ],
      [
        37.57969651922117,
        126.98186837475568
      ],
      [
        37.57969651922117,
        126.98186837475568
      ],
      [
        37.579736502722135,
        126.98171460051574
      ],
      [
        37.580050997042704,
        126.9800571123197
      ],
      [
        37.57995921077486,
        126.98002756660591
      ],
      [
        37.57931435379874,
        126.97982370629413
      ],
      [
        37.579177851982045,
        126.97978530227638
      ],
      [
        37.57899428333504,
        126.97974986813239
      ],
      [
        37.57883189801612,
        126.97973217026278
      ],
      [
        37.57823649071423,
        126.97969980519439
      ],
      [
        37.57823649071423,
        126.97969980519439
      ],
      [
        37.57817294930822,
        126.97969686549278
      ],
      [
        37.578137605313586,
        126.9794455345897
      ],
      [
        37.57740335076846,
        126.97942208107119
      ],
      [
        37.57783401895477,
        126.97943379029691
      ],
      [
        37.57806229758503,
        126.97944555529084
      ],
      [
        37.578137605313586,
        126.9794455345897
      ],
      [
        37.57691855562558,
        126.97941334378555
      ],
      [
        37.576457294108884,
        126.97940460013011
      ],
      [
        37.576657331357836,
        126.97941045882065
      ],
      [
        37.57592770665667,
        126.97895234644328
      ],
      [
        37.57642434438979,
        126.97938982481186
      ],
      [
        37.57572498911651,
        126.97718716301273
      ],
      [
        37.57573914121297,
        126.97735274242007
      ],
      [
        37.5757155053904,
        126.97682643004406
      ]
    ],
    "stops": [
      {
        "lat": 37.57758175,
        "lng": 126.9769058,
        "name": "도착지",
        "id": "1"
      }
    ]
  },
  "shortest": {
    "distanceKm": 1.43,
    "durationMin": 21,
    "score": 45.1,
    "polyline": [
      [
        37.579215314583216,
        126.98673421814941
      ],
      [
        37.57922000931098,
        126.98662776567723
      ],
      [
        37.57879288699192,
        126.98674907795677
      ],
      [
        37.578510486320795,
        126.98677869762564
      ],
      [
        37.578510486320795,
        126.98677869762564
      ],
      [
        37.57830809944521,
        126.9868023890389
      ],
      [
        37.57815042387671,
        126.9868024168687
      ],
      [
        37.57791273417069,
        126.98680541576265
      ],
      [
        37.5774279405979,
        126.98680550130734
      ],
      [
        37.577296156659834,
        126.98684692135187
      ],
      [
        37.577256138178846,
        126.9867463933685
      ],
      [
        37.57720670245684,
        126.98661334116431
      ],
      [
        37.577084297913416,
        126.98635611229697
      ],
      [
        37.577056050314944,
        126.98629402245858
      ],
      [
        37.577056043089144,
        126.9862319274674
      ],
      [
        37.57708662856648,
        126.98616095610124
      ],
      [
        37.57708662856648,
        126.98616095610124
      ],
      [
        37.57691481393616,
        126.98600131536284
      ],
      [
        37.57687950463945,
        126.9859273995449
      ],
      [
        37.57677122239297,
        126.98569973914351
      ],
      [
        37.57663233826102,
        126.98540999071754
      ],
      [
        37.576455789078764,
        126.98503745820025
      ],
      [
        37.57635750748328,
        126.98481423366125
      ],
      [
        37.57635750748328,
        126.98481423366125
      ],
      [
        37.57633867559618,
        126.98477579810466
      ],
      [
        37.57615270427972,
        126.9843530037378
      ],
      [
        37.57611268327335,
        126.98424952176732
      ],
      [
        37.57599497668759,
        126.98396568776505
      ],
      [
        37.5757925010996,
        126.98334479174896
      ],
      [
        37.575919641439455,
        126.98376463747891
      ],
      [
        37.57575008220845,
        126.98293675551669
      ],
      [
        37.57573120780983,
        126.98261150610664
      ],
      [
        37.57575000407867,
        126.98240452203991
      ],
      [
        37.57582053635674,
        126.98194914968788
      ],
      [
        37.575928687194036,
        126.9812808732613
      ],
      [
        37.57599451703596,
        126.98087872350246
      ],
      [
        37.576046235058755,
        126.98053571399403
      ],
      [
        37.576074012502936,
        126.9802913494085
      ],
      [
        37.5760831959785,
        126.98015833240962
      ],
      [
        37.57607395700803,
        126.97996170465315
      ],
      [
        37.57608789248396,
        126.97985118865329
      ],
      [
        37.57608788692802,
        126.97981866313151
      ],
      [
        37.57608789248396,
        126.97985118865329
      ],
      [
        37.576186699425406,
        126.97965009487405
      ],
      [
        37.57613963666507,
        126.9796767194946
      ],
      [
        37.576123169193494,
        126.97971220637996
      ],
      [
        37.57641027085703,
        126.9796589046691
      ],
      [
        37.57592770665667,
        126.97895234644328
      ],
      [
        37.57642434438979,
        126.97938982481186
      ],
      [
        37.57572498911651,
        126.97718716301273
      ],
      [
        37.57573914121297,
        126.97735274242007
      ],
      [
        37.5757155053904,
        126.97682643004406
      ]
    ],
    "stops": [
      {
        "lat": 37.57758175,
        "lng": 126.9769058,
        "name": "도착지",
        "id": "1"
      }
    ]
  }
}